Country Name,Country Code,Indicator Name,Indicator Code,Attribute,2012,2013,2014,2015,2016,2017,2018,2019,2020
Asia,229,"National Accounts, Gross Domestic Product, Real, Constant Prices, Percent Change",NGDP_R_PC_PP_PT,Value,5.621945877,5.856411286,5.580321894,5.633287963,5.527635627,5.406140119,5.544435062,5.690392156,5.729164371
Australia,193,"National Accounts, Gross Domestic Product, Real, Constant Prices, Percent Change",NGDP_R_PC_PP_PT,Value,3.599721188,2.056824356,2.709441035,2.84525999,3.160955965,3.109049016,2.976249843,2.889523738,2.826547973
Japan,158,"National Accounts, Gross Domestic Product, Real, Constant Prices, Percent Change",NGDP_R_PC_PP_PT,Value,1.753709381,1.613289523,-0.059238235,1.044437361,1.17112177,0.420971422,0.651933371,0.6532738,0.65041421
New Zealand,196,"National Accounts, Gross Domestic Product, Real, Constant Prices, Percent Change",NGDP_R_PC_PP_PT,Value,2.352650949,2.219380226,3.239224424,2.925118096,2.747713996,2.511501085,2.502526847,2.488350283,2.310921575
"China, P.R.: Mainland",924,"National Accounts, Gross Domestic Product, Real, Constant Prices, Percent Change",NGDP_R_PC_PP_PT,Value,7.762766,7.750817,7.3635,6.762319941,6.3,6,6.1,6.33268679,6.33268679
"China, P.R.: Hong Kong",532,"National Accounts, Gross Domestic Product, Real, Constant Prices, Percent Change",NGDP_R_PC_PP_PT,Value,1.700297853,2.89652877,2.317773846,2.807499044,3.116964811,3.354726306,3.419758689,3.466194692,3.505661298
"Korea, Republic of",542,"National Accounts, Gross Domestic Product, Real, Constant Prices, Percent Change",NGDP_R_PC_PP_PT,Value,2.292382426,2.971110156,3.315758428,3.280733296,3.459726249,3.668972409,3.686559981,3.685580917,3.681775534
Taiwan Province of China,528,"National Accounts, Gross Domestic Product, Real, Constant Prices, Percent Change",NGDP_R_PC_PP_PT,Value,2.063756795,2.232431693,3.7396761,3.806010794,4.067436475,4.104694732,4.159928347,4.184688807,4.223924612
South Asia,9502,"National Accounts, Gross Domestic Product, Real, Constant Prices, Percent Change",NGDP_R_PC_PP_PT,Value,5.050340985,6.515447336,6.803153901,7.052357301,7.129620757,7.227827871,7.333499387,7.377938858,7.409257236
Bangladesh,513,"National Accounts, Gross Domestic Product, Real, Constant Prices, Percent Change",NGDP_R_PC_PP_PT,Value,6.259497424,6.066407988,6.107871368,6.305919457,6.757869249,7,7,7,6.741545894
India,534,"National Accounts, Gross Domestic Product, Real, Constant Prices, Percent Change",NGDP_R_PC_PP_PT,Value,5.081402761,6.899297474,7.168175909,7.460263365,7.468059918,7.554138809,7.652563211,7.702079123,7.750689559
Sri Lanka,524,"National Accounts, Gross Domestic Product, Real, Constant Prices, Percent Change",NGDP_R_PC_PP_PT,Value,6.341361551,7.3,7.4,6.5,6.5,6.5,6.5,6.5,6.5
Nepal,558,"National Accounts, Gross Domestic Product, Real, Constant Prices, Percent Change",NGDP_R_PC_PP_PT,Value,4.781192258,3.852425632,5.475929499,5.038883584,5.030896672,4.487080407,4.494027903,4.452924243,4.483949868
ASEAN,511,"National Accounts, Gross Domestic Product, Real, Constant Prices, Percent Change",NGDP_R_PC_PP_PT,Value,6.086980269,5.160045911,4.618584132,5.15164336,5.287902395,5.439950338,5.541491754,5.527629154,5.517677542
Brunei Darussalam,516,"National Accounts, Gross Domestic Product, Real, Constant Prices, Percent Change",NGDP_R_PC_PP_PT,Value,0.948362402,-1.750357752,-0.698123905,-0.47042921,2.755441583,3.380379529,6.514489173,11.15715148,4.972091586
Cambodia,522,"National Accounts, Gross Domestic Product, Real, Constant Prices, Percent Change",NGDP_R_PC_PP_PT,Value,7.313345505,7.427900099,6.965986415,7.203281015,7.191610968,7.253277058,7.35965196,7.310382746,7.310799392
Indonesia,536,"National Accounts, Gross Domestic Product, Real, Constant Prices, Percent Change",NGDP_R_PC_PP_PT,Value,6.030050653,5.579211168,5.024664957,5.199197941,5.499954893,5.8,6,6,6
Lao People's Democratic Republic,544,"National Accounts, Gross Domestic Product, Real, Constant Prices, Percent Change",NGDP_R_PC_PP_PT,Value,7.898412875,7.967987411,7.40597397,7.314249288,7.845086939,7.680851891,7.359569845,7.498367835,7.3477651
Malaysia,548,"National Accounts, Gross Domestic Product, Real, Constant Prices, Percent Change",NGDP_R_PC_PP_PT,Value,5.644458806,4.744825018,6.021358205,4.8,4.9,5,5,5,5
Myanmar,518,"National Accounts, Gross Domestic Product, Real, Constant Prices, Percent Change",NGDP_R_PC_PP_PT,Value,7.3,8.25,7.686453957,8.328692286,8.505966876,8.296593458,7.959111055,7.676795875,7.54694549
Philippines,566,"National Accounts, Gross Domestic Product, Real, Constant Prices, Percent Change",NGDP_R_PC_PP_PT,Value,6.801306148,7.181107492,6.095877027,6.713180888,6.295422131,6.003153083,5.999957144,6.002927195,6.000239462
Singapore,576,"National Accounts, Gross Domestic Product, Real, Constant Prices, Percent Change",NGDP_R_PC_PP_PT,Value,3.414361301,4.443213647,2.918389477,3.030514606,3.038013784,3.153920804,3.188687051,3.157587502,3.225544383
Thailand,578,"National Accounts, Gross Domestic Product, Real, Constant Prices, Percent Change",NGDP_R_PC_PP_PT,Value,6.490356342,2.890966437,0.710822704,3.711789252,3.974247607,4.083579509,4.032133618,3.910811554,3.81317577
Vietnam,582,"National Accounts, Gross Domestic Product, Real, Constant Prices, Percent Change",NGDP_R_PC_PP_PT,Value,5.247367111,5.421372464,5.98,6,5.8,5.9,6,6,6
Bhutan,514,"National Accounts, Gross Domestic Product, Real, Constant Prices, Percent Change",NGDP_R_PC_PP_PT,Value,6.506521904,4.951897584,6.353392418,7.556866134,8.183522373,8.615827577,11.47845211,8.017480337,6.894645757
Fiji,819,"National Accounts, Gross Domestic Product, Real, Constant Prices, Percent Change",NGDP_R_PC_PP_PT,Value,1.830111022,4.644070524,4.083401132,3.253642581,2.978734621,2.907127955,2.941933098,2.975830909,3.008879114
Kiribati,826,"National Accounts, Gross Domestic Product, Real, Constant Prices, Percent Change",NGDP_R_PC_PP_PT,Value,3.361326406,2.388933978,3.801643737,2.92137069,1.533834961,1.938233278,1.966206087,2.015144282,1.98665818
Maldives,556,"National Accounts, Gross Domestic Product, Real, Constant Prices, Percent Change",NGDP_R_PC_PP_PT,Value,1.333157495,4.674653853,5.021523719,4.965387605,3.935771123,4.226409485,4.410701678,4.623750191,4.964712575
"Marshall Islands, Republic of",867,"National Accounts, Gross Domestic Product, Real, Constant Prices, Percent Change",NGDP_R_PC_PP_PT,Value,4.721086448,2.988625644,0.506567072,1.695105727,2.236746335,1.78732137,1.769579211,1.637226153,1.626662333
"Micronesia, Federated States of",868,"National Accounts, Gross Domestic Product, Real, Constant Prices, Percent Change",NGDP_R_PC_PP_PT,Value,0.11139329,-4.010485245,0.081306301,0.265179773,0.970953679,0.967717084,0.94853433,0.935657372,1.092610859
Palau,565,"National Accounts, Gross Domestic Product, Real, Constant Prices, Percent Change",NGDP_R_PC_PP_PT,Value,5.518530126,-0.234364451,7.951975484,2.2,2.7,2.5,2.2,2.2,2
Papua New Guinea,853,"National Accounts, Gross Domestic Product, Real, Constant Prices, Percent Change",NGDP_R_PC_PP_PT,Value,8.091015391,5.530325727,5.836685279,19.3293395,3.263910638,3.501523168,3.466203476,3.491290053,3.538118582
Samoa,862,"National Accounts, Gross Domestic Product, Real, Constant Prices, Percent Change",NGDP_R_PC_PP_PT,Value,1.172629717,-1.078820742,1.901214332,2.803393112,1.383455477,-0.986286407,0.839849867,1.487488537,2
Solomon Islands,813,"National Accounts, Gross Domestic Product, Real, Constant Prices, Percent Change",NGDP_R_PC_PP_PT,Value,4.650027546,3.02045767,1.49234987,3.345302428,3.032882904,3.496789761,3.38317598,3.481438207,3.403261137
"Timor-Leste, Dem. Rep. of",537,"National Accounts, Gross Domestic Product, Real, Constant Prices, Percent Change",NGDP_R_PC_PP_PT,Value,7.843137255,5.405547997,6.559916672,6.829342724,6.881571964,6.998470403,7.220623635,7.372783111,6.980765276
Tonga,866,"National Accounts, Gross Domestic Product, Real, Constant Prices, Percent Change",NGDP_R_PC_PP_PT,Value,-1.068688592,-0.298473033,2.314752199,2.671826257,2.412941113,1.966348059,2.462971827,2.673050367,0.670405603
Tuvalu,869,"National Accounts, Gross Domestic Product, Real, Constant Prices, Percent Change",NGDP_R_PC_PP_PT,Value,0.182645285,1.292326462,2.236106813,2.462225888,2.483255391,1.912461572,1.975560089,1.866056298,1.662086896
Vanuatu,846,"National Accounts, Gross Domestic Product, Real, Constant Prices, Percent Change",NGDP_R_PC_PP_PT,Value,1.756509111,1.96914608,2.899965024,-4,5,4.5,3.5,2.5,2.5
Mongolia,948,"National Accounts, Gross Domestic Product, Real, Constant Prices, Percent Change",NGDP_R_PC_PP_PT,Value,12.31981973,11.64458043,7.823899142,4.445487361,4.235261291,3.842989443,6.151486793,6.370860163,9.245581991
Asia,229,"National Accounts, Total Domestic Demand, Real, Constant Prices, Percent Change",NTDD_R_PC_PP_PT,Value,5.776322432,5.35882251,5.17792844,5.661672418,5.375674159,5.419986814,5.533876255,5.648296188,5.749438336
Australia,193,"National Accounts, Total Domestic Demand, Real, Constant Prices, Percent Change",NTDD_R_PC_PP_PT,Value,4.077681969,0.029918202,1.183978242,1.23979287,2.33597981,2.569034322,2.658474656,2.963567196,2.989372943
Japan,158,"National Accounts, Total Domestic Demand, Real, Constant Prices, Percent Change",NTDD_R_PC_PP_PT,Value,2.602750785,1.867112526,0.067730554,0.132500458,0.744706883,-0.020186258,0.513447918,0.515783526,0.516301823
New Zealand,196,"National Accounts, Total Domestic Demand, Real, Constant Prices, Percent Change",NTDD_R_PC_PP_PT,Value,3.239610173,4.012355673,4.75620862,3.489177853,3.180316182,2.817251761,2.612831391,2.602428607,2.56060124
"China, P.R.: Mainland",924,"National Accounts, Total Domestic Demand, Real, Constant Prices, Percent Change",NTDD_R_PC_PP_PT,Value,8.222871306,8.421498941,7.620566828,6.641073612,6.175632769,6,6.138305819,6.378597849,6.51401707
"China, P.R.: Hong Kong",532,"National Accounts, Total Domestic Demand, Real, Constant Prices, Percent Change",NTDD_R_PC_PP_PT,Value,3.903337191,3.933659314,2.761109144,3.680987425,3.942390644,4.048626412,4.088920464,4.071704923,4.093801717
"Korea, Republic of",542,"National Accounts, Total Domestic Demand, Real, Constant Prices, Percent Change",NTDD_R_PC_PP_PT,Value,1.248797183,0.694094172,2.042996065,4.017272601,3.360061512,4.089381134,4.107050553,4.115421347,4.123928962
Taiwan Province of China,528,"National Accounts, Total Domestic Demand, Real, Constant Prices, Percent Change",NTDD_R_PC_PP_PT,Value,0.632341274,2.013361619,3.376029593,3.118851075,3.248304767,3.200395567,3.211334889,3.222076097,3.232620953
South Asia,9502,"National Accounts, Total Domestic Demand, Real, Constant Prices, Percent Change",NTDD_R_PC_PP_PT,Value,3.396772115,3.474034954,5.922819468,7.811243035,7.030198086,7.295251745,7.077999414,7.041671588,7.133336297
India,534,"National Accounts, Total Domestic Demand, Real, Constant Prices, Percent Change",NTDD_R_PC_PP_PT,Value,2.978570216,3.391564801,5.938027677,8.220518602,7.117391481,7.497736622,7.221334128,7.268027464,7.398179228
Sri Lanka,524,"National Accounts, Total Domestic Demand, Real, Constant Prices, Percent Change",NTDD_R_PC_PP_PT,Value,9.051382676,2.429874451,8.046779651,2.836330469,5.392691741,4.869968168,4.882607336,4.789110902,4.579919317
Nepal,558,"National Accounts, Total Domestic Demand, Real, Constant Prices, Percent Change",NTDD_R_PC_PP_PT,Value,4.2324357,6.639154787,8.029962785,4.010978654,5.764668629,5.671669479,5.415437226,5.26322117,5.331588487
ASEAN,511,"National Accounts, Total Domestic Demand, Real, Constant Prices, Percent Change",NTDD_R_PC_PP_PT,Value,7.636306,5.231552239,3.289455255,5.294955156,5.310198545,5.76010228,5.930662495,5.744477957,5.698089765
Brunei Darussalam,516,"National Accounts, Total Domestic Demand, Real, Constant Prices, Percent Change",NTDD_R_PC_PP_PT,Value,3.521187045,2.808787453,5.316696109,1.267087881,2.159396394,2.804073226,4.19013174,2.443299012,2.616113682
Cambodia,522,"National Accounts, Total Domestic Demand, Real, Constant Prices, Percent Change",NTDD_R_PC_PP_PT,Value,6.606523475,8.15862755,7.119133089,5.143252784,6.43926116,6.476752928,6.674966396,6.773862417,5.941015581
Indonesia,536,"National Accounts, Total Domestic Demand, Real, Constant Prices, Percent Change",NTDD_R_PC_PP_PT,Value,7.288959316,5.069665063,4.67274636,4.803692107,5.577465038,5.872027718,6.127201211,6.138432866,6.158006504
Malaysia,548,"National Accounts, Total Domestic Demand, Real, Constant Prices, Percent Change",NTDD_R_PC_PP_PT,Value,11.07692159,6.354173328,4.978988869,5.46301204,5.437654485,5.606209774,5.58698353,5.071307897,4.951878827
Myanmar,518,"National Accounts, Total Domestic Demand, Real, Constant Prices, Percent Change",NTDD_R_PC_PP_PT,Value,7.523547823,8.259318078,7.736637124,8.312737281,8.49007474,8.270181633,7.975715414,7.686950889,7.578627665
Philippines,566,"National Accounts, Total Domestic Demand, Real, Constant Prices, Percent Change",NTDD_R_PC_PP_PT,Value,5.052039321,10.34678647,4.100083642,6.988095526,6.969069281,6.555149335,6.530145418,6.536110314,6.532963694
Singapore,576,"National Accounts, Total Domestic Demand, Real, Constant Prices, Percent Change",NTDD_R_PC_PP_PT,Value,6.920944032,2.788640747,0.251403332,7.406770314,3.739218664,3.794641141,3.784618243,3.623605204,3.850514646
Thailand,578,"National Accounts, Total Domestic Demand, Real, Constant Prices, Percent Change",NTDD_R_PC_PP_PT,Value,9.368547318,1.358717912,-2.647563635,4.521518285,4.12963398,3.928394539,3.912792059,3.867611549,3.774964686
Vietnam,582,"National Accounts, Total Domestic Demand, Real, Constant Prices, Percent Change",NTDD_R_PC_PP_PT,Value,4.250665046,5.3869145,3.930877848,6.756953822,3.657982273,7.648191303,8.184821172,6.848044242,6.504077686
Bhutan,514,"National Accounts, Total Domestic Demand, Real, Constant Prices, Percent Change",NTDD_R_PC_PP_PT,Value,8.493627554,5.19135803,9.95300671,8.63459605,8.983453875,9.332931874,12.35667853,8.793724568,7.655623738
Maldives,556,"National Accounts, Total Domestic Demand, Real, Constant Prices, Percent Change",NTDD_R_PC_PP_PT,Value,-4.190225535,-3.695946056,5.784079778,-1.442259614,6.629660224,4.138116394,3.972337162,4.331203228,4.505617236
Palau,565,"National Accounts, Total Domestic Demand, Real, Constant Prices, Percent Change",NTDD_R_PC_PP_PT,Value,-4.390443408,6.050964804,14.74475761,6.431793838,3.711711594,1.251196818,1.089547538,-0.220743462,0.230661554
Papua New Guinea,853,"National Accounts, Total Domestic Demand, Real, Constant Prices, Percent Change",NTDD_R_PC_PP_PT,Value,24.8406434,-11.22857994,-5.482983795,0.217857594,5.330421218,2.521684321,3.776851862,5.737340378,1.24149515
Solomon Islands,813,"National Accounts, Total Domestic Demand, Real, Constant Prices, Percent Change",NTDD_R_PC_PP_PT,Value,-6.498894195,12.32312361,0.791481884,8.038269341,6.937004561,-1.080055384,1.084999885,3.625561026,8.765975046
Tonga,866,"National Accounts, Total Domestic Demand, Real, Constant Prices, Percent Change",NTDD_R_PC_PP_PT,Value,-0.992599814,,,,,,,,
Vanuatu,846,"National Accounts, Total Domestic Demand, Real, Constant Prices, Percent Change",NTDD_R_PC_PP_PT,Value,-3.418769829,6.630552546,3.639954645,10.2504008,1.561507655,2.328845325,0.981948705,1.968429422,1.164041962
Mongolia,948,"National Accounts, Total Domestic Demand, Real, Constant Prices, Percent Change",NTDD_R_PC_PP_PT,Value,15.62066114,7.866079705,-10.00530927,9.585831728,12.33387804,4.776847494,5.49833336,2.811882785,0.580151757
Asia,229,"National Accounts, Gross Domestic Product in US Dollars, Constant Prices, in billions",NGDPD_USD,Value,2.25E+13,2.28E+13,2.37E+13,2.43E+13,2.58E+13,2.76E+13,2.95E+13,3.16E+13,3.40E+13
Australia,193,"National Accounts, Gross Domestic Product in US Dollars, Constant Prices, in billions",NGDPD_USD,Value,1.56E+12,1.50E+12,1.44E+12,1.25E+12,1.28E+12,1.32E+12,1.37E+12,1.43E+12,1.49E+12
Japan,158,"National Accounts, Gross Domestic Product in US Dollars, Constant Prices, in billions",NGDPD_USD,Value,5.95E+12,4.92E+12,4.62E+12,4.21E+12,4.35E+12,4.49E+12,4.59E+12,4.75E+12,4.93E+12
New Zealand,196,"National Accounts, Gross Domestic Product in US Dollars, Constant Prices, in billions",NGDPD_USD,Value,1.73E+11,1.85E+11,1.98E+11,1.92E+11,2.00E+11,2.09E+11,2.19E+11,2.29E+11,2.40E+11
"China, P.R.: Mainland",924,"National Accounts, Gross Domestic Product in US Dollars, Constant Prices, in billions",NGDPD_USD,Value,8.39E+12,9.47E+12,1.04E+13,1.12E+13,1.20E+13,1.29E+13,1.39E+13,1.50E+13,1.62E+13
"China, P.R.: Hong Kong",532,"National Accounts, Gross Domestic Product in US Dollars, Constant Prices, in billions",NGDPD_USD,Value,2.63E+11,2.75E+11,2.90E+11,3.10E+11,3.31E+11,3.55E+11,3.81E+11,4.09E+11,4.38E+11
"Korea, Republic of",542,"National Accounts, Gross Domestic Product in US Dollars, Constant Prices, in billions",NGDPD_USD,Value,1.22E+12,1.30E+12,1.42E+12,1.44E+12,1.51E+12,1.61E+12,1.73E+12,1.86E+12,2.01E+12
Taiwan Province of China,528,"National Accounts, Gross Domestic Product in US Dollars, Constant Prices, in billions",NGDPD_USD,Value,4.96E+11,5.11E+11,5.30E+11,5.28E+11,5.66E+11,6.12E+11,6.63E+11,7.17E+11,7.76E+11
South Asia,9502,"National Accounts, Gross Domestic Product in US Dollars, Constant Prices, in billions",NGDPD_USD,Value,2.29E+12,2.36E+12,2.58E+12,2.89E+12,3.14E+12,3.43E+12,3.75E+12,4.10E+12,4.49E+12
Bangladesh,513,"National Accounts, Gross Domestic Product in US Dollars, Constant Prices, in billions",NGDPD_USD,Value,1.42E+11,1.62E+11,1.85E+11,2.05E+11,2.24E+11,2.46E+11,2.70E+11,2.96E+11,3.22E+11
India,534,"National Accounts, Gross Domestic Product in US Dollars, Constant Prices, in billions",NGDPD_USD,Value,1.84E+12,1.88E+12,2.05E+12,2.31E+12,2.51E+12,2.76E+12,3.01E+12,3.31E+12,3.64E+12
Sri Lanka,524,"National Accounts, Gross Domestic Product in US Dollars, Constant Prices, in billions",NGDPD_USD,Value,59378245911,67451067319,74588255949,80591341037,87460543991,95474116334,1.04E+11,1.14E+11,1.24E+11
Nepal,558,"National Accounts, Gross Domestic Product in US Dollars, Constant Prices, in billions",NGDPD_USD,Value,18851508892,19243326512,19636666327,21687789243,23749404283,25416632061,27292100404,29101382413,31015746584
ASEAN,511,"National Accounts, Gross Domestic Product in US Dollars, Constant Prices, in billions",NGDPD_USD,Value,2.00E+12,2.06E+12,2.06E+12,2.12E+12,2.29E+12,2.49E+12,2.69E+12,2.92E+12,3.17E+12
Brunei Darussalam,516,"National Accounts, Gross Domestic Product in US Dollars, Constant Prices, in billions",NGDPD_USD,Value,16952471318,16109406218,15101854725,11236104423,12396841674,13417853854,14533359797,16610855493,17808040934
Cambodia,522,"National Accounts, Gross Domestic Product in US Dollars, Constant Prices, in billions",NGDPD_USD,Value,14056911735,15361800459,16550813247,17813554434,19391709908,21088208219,23031485670,25125764062,27417105409
Indonesia,536,"National Accounts, Gross Domestic Product in US Dollars, Constant Prices, in billions",NGDPD_USD,Value,9.19E+11,9.13E+11,8.89E+11,8.96E+11,9.52E+11,1.04E+12,1.12E+12,1.21E+12,1.31E+12
Lao People's Democratic Republic,544,"National Accounts, Gross Domestic Product in US Dollars, Constant Prices, in billions",NGDPD_USD,Value,9400267939,10788160662,11676491666,12764290444,13791846001,15001815254,16658464075,18023803464,19473726509
Malaysia,548,"National Accounts, Gross Domestic Product in US Dollars, Constant Prices, in billions",NGDPD_USD,Value,3.05E+11,3.13E+11,3.27E+11,3.28E+11,3.65E+11,3.99E+11,4.41E+11,4.87E+11,5.38E+11
Myanmar,518,"National Accounts, Gross Domestic Product in US Dollars, Constant Prices, in billions",NGDPD_USD,Value,55759036221,56758586182,62801848193,69143016398,77894191831,88832034286,1.01E+11,1.14E+11,1.28E+11
Philippines,566,"National Accounts, Gross Domestic Product in US Dollars, Constant Prices, in billions",NGDPD_USD,Value,2.50E+11,2.72E+11,2.85E+11,3.08E+11,3.40E+11,3.76E+11,4.17E+11,4.61E+11,5.10E+11
Singapore,576,"National Accounts, Gross Domestic Product in US Dollars, Constant Prices, in billions",NGDPD_USD,Value,2.90E+11,3.02E+11,3.08E+11,2.96E+11,3.11E+11,3.29E+11,3.48E+11,3.68E+11,3.90E+11
Thailand,578,"National Accounts, Gross Domestic Product in US Dollars, Constant Prices, in billions",NGDPD_USD,Value,3.66E+11,3.87E+11,3.74E+11,3.86E+11,4.12E+11,4.34E+11,4.58E+11,4.82E+11,5.04E+11
Vietnam,582,"National Accounts, Gross Domestic Product in US Dollars, Constant Prices, in billions",NGDPD_USD,Value,1.56E+11,1.71E+11,1.86E+11,2.04E+11,2.20E+11,2.39E+11,2.60E+11,2.84E+11,3.11E+11
Bhutan,514,"National Accounts, Gross Domestic Product in US Dollars, Constant Prices, in billions",NGDPD_USD,Value,1985924477,1985245267,2091661980,2246244340,2505852541,2794017755,3190702580,3522718523,3858581997
Fiji,819,"National Accounts, Gross Domestic Product in US Dollars, Constant Prices, in billions",NGDPD_USD,Value,3849836878,4033927846,4212089819,4413094052,4611380007,4815224588,5029780645,5255626918,5493376532
Kiribati,826,"National Accounts, Gross Domestic Product in US Dollars, Constant Prices, in billions",NGDPD_USD,Value,187940983.7,181086080.4,180679286.9,168206558.6,168184964.3,170569307,173934037.7,178081314.5,183882813.9
Maldives,556,"National Accounts, Gross Domestic Product in US Dollars, Constant Prices, in billions",NGDPD_USD,Value,2533689206,2699297633,2853528232,3031899912,3242822984,3516607247,3823096530,4163503628,4523166953
"Marshall Islands, Republic of",867,"National Accounts, Gross Domestic Product in US Dollars, Constant Prices, in billions",NGDPD_USD,Value,184358742.9,191275299.5,192534496.8,194992086.5,200722960,207958532.8,215175704.1,222209412.3,229449189.2
"Micronesia, Federated States of",868,"National Accounts, Gross Domestic Product in US Dollars, Constant Prices, in billions",NGDPD_USD,Value,325915956.2,314576551.5,314832322.1,315667193.7,318732175.9,327491213.3,334912095.3,344339350,354007311.8
Palau,565,"National Accounts, Gross Domestic Product in US Dollars, Constant Prices, in billions",NGDPD_USD,Value,232345891.4,245834031.9,269331663.2,277765136.1,290399561.1,303612741.1,316498065.8,329930243.7,343259425.6
Papua New Guinea,853,"National Accounts, Gross Domestic Product in US Dollars, Constant Prices, in billions",NGDPD_USD,Value,15391383914,15413237234,16060278468,20042480966,20674952117,21510918606,22518792034,23822033399,25264848750
Samoa,862,"National Accounts, Gross Domestic Product in US Dollars, Constant Prices, in billions",NGDPD_USD,Value,805608272.1,794132451.3,826484448,867744574.8,899195329.4,909749545.9,938421567.8,972874316.1,1013552329
Solomon Islands,813,"National Accounts, Gross Domestic Product in US Dollars, Constant Prices, in billions",NGDPD_USD,Value,1025166127,1059733103,1155207016,1205729815,1309385550,1408182562,1516362455,1639093284,1785100351
"Timor-Leste, Dem. Rep. of",537,"National Accounts, Gross Domestic Product in US Dollars, Constant Prices, in billions",NGDPD_USD,Value,5579000000,4967301005,4478048005,3956000000,3795000000,3758000000,3932000000,4021000000,3839553756
Tonga,866,"National Accounts, Gross Domestic Product in US Dollars, Constant Prices, in billions",NGDPD_USD,Value,453248260.5,442752814.6,453528897.9,476224371.5,498106990.5,518904266,543169648,567791456.7,580513951.5
Tuvalu,869,"National Accounts, Gross Domestic Product in US Dollars, Constant Prices, in billions",NGDPD_USD,Value,39896055.06,38441040.4,37608802.38,35306342.96,36374236.13,37348401.34,38448253,39502995.86,40305178.99
Vanuatu,846,"National Accounts, Gross Domestic Product in US Dollars, Constant Prices, in billions",NGDPD_USD,Value,781702874.1,801787555.9,811708319.9,745489447.9,799066880.7,858859181,917364668.4,970388346.3,1025700482
Mongolia,948,"National Accounts, Gross Domestic Product in US Dollars, Constant Prices, in billions",NGDPD_USD,Value,12292770631,12545217934,11981296758,12455254634,13096109087,13883758025,15060155366,16358626169,18057370891
Asia,229,"Prices, Consumer Price Index, All items, CPI (p.a.), percent change",PCPI_PC_PP_PT,Value,3.799113455,3.888683122,3.223758157,2.588521334,2.771806767,3.05503437,3.183801061,3.373098789,3.412104035
Australia,193,"Prices, Consumer Price Index, All items, CPI (p.a.), percent change",PCPI_PC_PP_PT,Value,1.762780156,2.449888641,2.487922705,2.012136932,2.267095508,2.358873301,2.523535309,2.523535309,2.523535309
Japan,158,"Prices, Consumer Price Index, All items, CPI (p.a.), percent change",PCPI_PC_PP_PT,Value,-0.036960983,0.357530518,2.73880424,1.011027232,0.876235569,1.753196265,1.276182797,1.205672839,1.453061066
New Zealand,196,"Prices, Consumer Price Index, All items, CPI (p.a.), percent change",PCPI_PC_PP_PT,Value,1.059917802,1.134417808,1.227513228,0.832850613,2.115644597,1.989274729,2.014443243,2.014443243,2.014443243
"China, P.R.: Mainland",924,"Prices, Consumer Price Index, All items, CPI (p.a.), percent change",PCPI_PC_PP_PT,Value,2.646286,2.624015,1.988427,1.2,1.5,2,2.5,3,3
"China, P.R.: Hong Kong",532,"Prices, Consumer Price Index, All items, CPI (p.a.), percent change",PCPI_PC_PP_PT,Value,4.072647221,4.328775402,4.424330196,3.2,3.4,3.5,3.5,3.5,3.5
"Korea, Republic of",542,"Prices, Consumer Price Index, All items, CPI (p.a.), percent change",PCPI_PC_PP_PT,Value,2.187324734,1.301552454,1.274767802,1.549936185,2.5,3,3,3,3
Taiwan Province of China,528,"Prices, Consumer Price Index, All items, CPI (p.a.), percent change",PCPI_PC_PP_PT,Value,1.931634473,0.793001962,1.195555195,0.7,1.3,1.5,1.8,2,2
South Asia,9502,"Prices, Consumer Price Index, All items, CPI (p.a.), percent change",PCPI_PC_PP_PT,Value,10.00421785,9.500865422,6.260011613,5.873224899,5.617511847,5.585661232,5.263806181,5.07056597,5.080206517
Bangladesh,513,"Prices, Consumer Price Index, All items, CPI (p.a.), percent change",PCPI_PC_PP_PT,Value,6.22878866,7.538914322,7.008838665,6.4,6.45,6.45,6.325,6.175,5.925
India,534,"Prices, Consumer Price Index, All items, CPI (p.a.), percent change",PCPI_PC_PP_PT,Value,10.24948212,9.991013806,5.993124884,6.086803153,5.745326186,5.622808807,5.220025787,4.997055984,5.027431419
Sri Lanka,524,"Prices, Consumer Price Index, All items, CPI (p.a.), percent change",PCPI_PC_PP_PT,Value,7.542913732,6.911546529,3.267776821,1.69964024,3.43266958,4.317186226,5,5,5
Nepal,558,"Prices, Consumer Price Index, All items, CPI (p.a.), percent change",PCPI_PC_PP_PT,Value,8.309690092,9.863482948,9.042138567,7.102769194,6.330091265,6.1,5.95,5.85,5.75
ASEAN,511,"Prices, Consumer Price Index, All items, CPI (p.a.), percent change",PCPI_PC_PP_PT,Value,3.842382928,4.65013691,4.674179682,4.091229275,4.217200565,3.859076164,3.883192189,3.891059172,3.887544426
Brunei Darussalam,516,"Prices, Consumer Price Index, All items, CPI (p.a.), percent change",PCPI_PC_PP_PT,Value,0.108171077,0.382345607,-0.240125859,0,0.099601594,0.1,0.2,0.097517204,0.1
Cambodia,522,"Prices, Consumer Price Index, All items, CPI (p.a.), percent change",PCPI_PC_PP_PT,Value,2.924872424,2.955010616,3.851713829,-0.307318307,2.460129206,3.016203982,3.041595691,2.917948399,3.165391536
Indonesia,536,"Prices, Consumer Price Index, All items, CPI (p.a.), percent change",PCPI_PC_PP_PT,Value,3.980763398,6.413386778,6.394925408,6.781016975,5.767824394,4.795943359,4.792169576,4.792102844,4.792035596
Lao People's Democratic Republic,544,"Prices, Consumer Price Index, All items, CPI (p.a.), percent change",PCPI_PC_PP_PT,Value,4.258732445,6.370568912,4.128893267,3.978297306,5.009915609,5.5,5.5,5.5,5.5
Malaysia,548,"Prices, Consumer Price Index, All items, CPI (p.a.), percent change",PCPI_PC_PP_PT,Value,1.663571025,2.105012312,3.142990509,2.7,3,3,3,3,3
Myanmar,518,"Prices, Consumer Price Index, All items, CPI (p.a.), percent change",PCPI_PC_PP_PT,Value,2.828598223,5.710949284,5.943192247,8.392723313,7.6,5.825,5.575,5.325,5.075
Philippines,566,"Prices, Consumer Price Index, All items, CPI (p.a.), percent change",PCPI_PC_PP_PT,Value,3.171247357,2.932889344,4.1744432,2.060971459,2.844198662,3.751885295,3.795513257,3.695521222,3.57876223
Singapore,576,"Prices, Consumer Price Index, All items, CPI (p.a.), percent change",PCPI_PC_PP_PT,Value,4.575959852,2.358601146,1.024982528,0.042853126,1.696204914,1.866172567,1.852906583,1.810506211,1.770507227
Thailand,578,"Prices, Consumer Price Index, All items, CPI (p.a.), percent change",PCPI_PC_PP_PT,Value,3.014899503,2.184886185,1.895141819,0.251830908,2.420985058,2.2,2.2,2.2,2.2
Vietnam,582,"Prices, Consumer Price Index, All items, CPI (p.a.), percent change",PCPI_PC_PP_PT,Value,9.102924502,6.595295943,4.1,2.5,3.25,3.45,3.6,3.75,3.8
Bhutan,514,"Prices, Consumer Price Index, All items, CPI (p.a.), percent change",PCPI_PC_PP_PT,Value,10.11508284,8.655070053,7.703444116,6.261331956,6.080031157,5.950746407,5.811955007,5.643966354,5.643966354
Fiji,819,"Prices, Consumer Price Index, All items, CPI (p.a.), percent change",PCPI_PC_PP_PT,Value,3.415952383,2.908707946,0.528118153,1.5,3,3,2.9,2.9,2.9
Kiribati,826,"Prices, Consumer Price Index, All items, CPI (p.a.), percent change",PCPI_PC_PP_PT,Value,-3.049344113,-1.484521839,2.085998259,1.4,0.3,0.75,1.2,1.65,2.1
Maldives,556,"Prices, Consumer Price Index, All items, CPI (p.a.), percent change",PCPI_PC_PP_PT,Value,10.88936857,3.997158908,2.457180752,0.34454823,2.148871231,3.45314614,4.258138388,4.278223272,4
"Marshall Islands, Republic of",867,"Prices, Consumer Price Index, All items, CPI (p.a.), percent change",PCPI_PC_PP_PT,Value,4.340629491,1.850762642,1.097716692,-0.584946145,0.976010735,2.536967615,2.374719394,2.280916028,2.280916028
"Micronesia, Federated States of",868,"Prices, Consumer Price Index, All items, CPI (p.a.), percent change",PCPI_PC_PP_PT,Value,6.291903297,2.14251187,0.67323966,-1.003691866,1.861767367,2.036967615,2.074719394,1.980916028,2.031780705
Palau,565,"Prices, Consumer Price Index, All items, CPI (p.a.), percent change",PCPI_PC_PP_PT,Value,5.438953131,2.823129207,4,1.8,2,2,2,2,2
Papua New Guinea,853,"Prices, Consumer Price Index, All items, CPI (p.a.), percent change",PCPI_PC_PP_PT,Value,4.537205082,4.96031746,5.307017958,4.8,5,5,5,5,5
Samoa,862,"Prices, Consumer Price Index, All items, CPI (p.a.), percent change",PCPI_PC_PP_PT,Value,6.191446029,-0.207134638,-1.2,3,2.2,2.05,2.5,3,3
Solomon Islands,813,"Prices, Consumer Price Index, All items, CPI (p.a.), percent change",PCPI_PC_PP_PT,Value,5.911306112,5.388539448,5.074887469,3.816738165,3.355647706,4.120314928,4.511979265,4.46850218,4.508850665
"Timor-Leste, Dem. Rep. of",537,"Prices, Consumer Price Index, All items, CPI (p.a.), percent change",PCPI_PC_PP_PT,Value,10.93474427,9.477124183,2.485535064,1.847054297,3.253537825,3.891567593,4.025700978,4.041555921,4.035153379
Tonga,866,"Prices, Consumer Price Index, All items, CPI (p.a.), percent change",PCPI_PC_PP_PT,Value,1.958943615,1.483392518,1.332475601,0.776695903,1.50345741,2.028230509,2.660075212,3.38187536,3.313429294
Tuvalu,869,"Prices, Consumer Price Index, All items, CPI (p.a.), percent change",PCPI_PC_PP_PT,Value,1.417109724,2.007508042,3.3,3.1,3,2.9,2.8,2.8,2.6
Vanuatu,846,"Prices, Consumer Price Index, All items, CPI (p.a.), percent change",PCPI_PC_PP_PT,Value,1.362348983,1.279270322,1.016161747,2.020105542,2.237122097,2.854320988,3.2,3.2,3.047637795
Mongolia,948,"Prices, Consumer Price Index, All items, CPI (p.a.), percent change",PCPI_PC_PP_PT,Value,14.995648,8.591339267,12.90697737,9.211990423,7.609183407,7.271709849,6.87943229,6.631698652,6.531275636
Asia,229,"Fiscal, General Government, Net lending/borrowing, 2001 Manual, Percent of FY GDP",GGXCNL_G01_GDP_PT,Value,-3.263317591,-3.27570419,-3.0027907,-3.099106217,-2.901335388,-2.563806261,-2.26811923,-2.165094997,-2.057412732
Australia,193,"Fiscal, General Government, Net lending/borrowing, 2001 Manual, Percent of FY GDP",GGXCNL_G01_GDP_PT,Value,-3.384322942,-3.045998522,-3.578118316,-3.305607192,-2.676651119,-2.014646965,-1.439692357,-1.078463851,-0.84881382
Japan,158,"Fiscal, General Government, Net lending/borrowing, 2001 Manual, Percent of FY GDP",GGXCNL_G01_GDP_PT,Value,-8.760660419,-8.515789849,-7.681931817,-6.232259974,-4.961365482,-4.308672003,-3.824268172,-4.030675431,-4.37417302
New Zealand,196,"Fiscal, General Government, Net lending/borrowing, 2001 Manual, Percent of FY GDP",GGXCNL_G01_GDP_PT,Value,-1.565175889,-0.804531848,-0.603587423,-0.027810503,0.451522278,0.962465249,1.309393423,1.311078469,1.263303913
"China, P.R.: Mainland",924,"Fiscal, General Government, Net lending/borrowing, 2001 Manual, Percent of FY GDP",GGXCNL_G01_GDP_PT,Value,0.019385181,-1.101530935,-1.139806151,-1.930252727,-2.162200233,-1.86636881,-1.613919076,-1.490815424,-1.268618107
"China, P.R.: Hong Kong",532,"Fiscal, General Government, Net lending/borrowing, 2001 Manual, Percent of FY GDP",GGXCNL_G01_GDP_PT,Value,3.315997539,1.058150791,5.273669551,3.151924632,2.584405348,1.753508827,2.149319048,3.095728663,3.086651343
"Korea, Republic of",542,"Fiscal, General Government, Net lending/borrowing, 2001 Manual, Percent of FY GDP",GGXCNL_G01_GDP_PT,Value,1.557831296,0.650401489,0.308483415,0.341293344,0.608684133,0.872366308,1.133900761,1.422830914,1.707595328
Taiwan Province of China,528,"Fiscal, General Government, Net lending/borrowing, 2001 Manual, Percent of FY GDP",GGXCNL_G01_GDP_PT,Value,-4.310272736,-3.245132949,-2.474602928,-2.204602928,-1.904602928,-1.574602928,-1.374602928,-1.219602928,-1.064602928
South Asia,9502,"Fiscal, General Government, Net lending/borrowing, 2001 Manual, Percent of FY GDP",GGXCNL_G01_GDP_PT,Value,-7.217770229,-6.950033192,-6.526605162,-6.580713272,-6.484785574,-6.268442471,-6.080357211,-5.883644528,-5.741221881
Bangladesh,513,"Fiscal, General Government, Net lending/borrowing, 2001 Manual, Percent of FY GDP",GGXCNL_G01_GDP_PT,Value,-2.978517632,-3.380854207,-3.005698929,-3.162235586,-3.036790569,-2.917008096,-2.400433652,-2.330332394,-1.985875649
India,534,"Fiscal, General Government, Net lending/borrowing, 2001 Manual, Percent of FY GDP",GGXCNL_G01_GDP_PT,Value,-7.476741646,-7.226144771,-7.149985988,-7.164989502,-7.112993158,-6.884353565,-6.707175118,-6.485172954,-6.357467936
Sri Lanka,524,"Fiscal, General Government, Net lending/borrowing, 2001 Manual, Percent of FY GDP",GGXCNL_G01_GDP_PT,Value,-6.451977448,-5.861674199,-5.91313807,-6.651146722,-7.441813402,-7.280063513,-7.178827828,-7.385792843,-7.413838165
Nepal,558,"Fiscal, General Government, Net lending/borrowing, 2001 Manual, Percent of FY GDP",GGXCNL_G01_GDP_PT,Value,-0.631301914,2.054484369,2.19546805,1.11496367,0.816344574,0.500168945,0.401286826,0.098212786,0.068769737
ASEAN,511,"Fiscal, General Government, Net lending/borrowing, 2001 Manual, Percent of FY GDP",GGXCNL_G01_GDP_PT,Value,-2.268032554,-2.104564143,-2.258092259,-2.599221067,-2.368416851,-2.201989343,-2.018896849,-1.980188196,-1.877289218
Brunei Darussalam,516,"Fiscal, General Government, Net lending/borrowing, 2001 Manual, Percent of FY GDP",GGXCNL_G01_GDP_PT,Value,16.85513032,14.07310179,14.07728045,-15.62737774,-6.413494679,-2.494695361,0.973465311,7.847246333,10.41494206
Cambodia,522,"Fiscal, General Government, Net lending/borrowing, 2001 Manual, Percent of FY GDP",GGXCNL_G01_GDP_PT,Value,-3.793670092,-2.122999219,-0.845955012,-3.102560186,-3.002239304,-2.583441383,-2.308143161,-1.917062145,-1.588470319
Indonesia,536,"Fiscal, General Government, Net lending/borrowing, 2001 Manual, Percent of FY GDP",GGXCNL_G01_GDP_PT,Value,-1.586458811,-1.996317251,-2.156944049,-2.261994336,-2.082773439,-1.915007867,-1.739609721,-1.702027297,-1.618840426
Lao People's Democratic Republic,544,"Fiscal, General Government, Net lending/borrowing, 2001 Manual, Percent of FY GDP",GGXCNL_G01_GDP_PT,Value,-0.508012991,-5.628904704,-3.848819957,-4.680177352,-5.551728014,-5.734056304,-6.070510854,-6.718189022,-6.359658301
Malaysia,548,"Fiscal, General Government, Net lending/borrowing, 2001 Manual, Percent of FY GDP",GGXCNL_G01_GDP_PT,Value,-3.872107413,-4.421026071,-3.678688623,-3.459924303,-2.853727259,-2.898996378,-2.562978667,-2.417888895,-2.060332821
Myanmar,518,"Fiscal, General Government, Net lending/borrowing, 2001 Manual, Percent of FY GDP",GGXCNL_G01_GDP_PT,Value,-1.677158074,-2.037132008,-4.315180107,-6.271569076,-6.933148779,-7.042819375,-6.992530857,-7.167820586,-7.281119097
Philippines,566,"Fiscal, General Government, Net lending/borrowing, 2001 Manual, Percent of FY GDP",GGXCNL_G01_GDP_PT,Value,-0.645422408,-0.133158653,0.531460146,-0.923076798,-0.994191356,-1.062668081,-1.173937656,-1.261512182,-1.381546953
Singapore,576,"Fiscal, General Government, Net lending/borrowing, 2001 Manual, Percent of FY GDP",GGXCNL_G01_GDP_PT,Value,7.83882316,5.438127619,4.240974224,1.46426203,2.087344373,2.291304492,2.413505095,2.623074913,2.599804809
Thailand,578,"Fiscal, General Government, Net lending/borrowing, 2001 Manual, Percent of FY GDP",GGXCNL_G01_GDP_PT,Value,-1.803920331,-0.200907764,-1.830202082,-1.935934191,-1.99902374,-1.872911668,-1.852817061,-1.920958308,-1.848238473
Vietnam,582,"Fiscal, General Government, Net lending/borrowing, 2001 Manual, Percent of FY GDP",GGXCNL_G01_GDP_PT,Value,-6.802924136,-5.877179633,-5.371309871,-6.453949353,-5.607206425,-4.663188616,-3.937906358,-3.675666602,-3.504598863
Bhutan,514,"Fiscal, General Government, Net lending/borrowing, 2001 Manual, Percent of FY GDP",GGXCNL_G01_GDP_PT,Value,-1.2519256,-3.992500819,-3.800716698,-2.362785609,-1.571624691,-0.758377797,1.490480993,4.113714003,5.067284628
Fiji,819,"Fiscal, General Government, Net lending/borrowing, 2001 Manual, Percent of FY GDP",GGXCNL_G01_GDP_PT,Value,-1.118089397,-0.507537246,-1.962434192,-3.666671893,-2.07980757,-2.060349092,-2.009758111,-1.957300244,-1.965429215
Kiribati,826,"Fiscal, General Government, Net lending/borrowing, 2001 Manual, Percent of FY GDP",GGXCNL_G01_GDP_PT,Value,-8.629806776,9.270480552,17.11074286,-15.18371029,-7.324173171,-2.219767414,-0.782357253,0.339341649,1.550499632
Maldives,556,"Fiscal, General Government, Net lending/borrowing, 2001 Manual, Percent of FY GDP",GGXCNL_G01_GDP_PT,Value,-7.863348504,-8.150557585,-10.6358363,-7.321065653,-6.399805783,-7.089861802,-7.656878046,-7.409960667,-7.428897118
"Marshall Islands, Republic of",867,"Fiscal, General Government, Net lending/borrowing, 2001 Manual, Percent of FY GDP",GGXCNL_G01_GDP_PT,Value,-0.747231717,0.735092301,1.177828832,2.357855739,2.28161045,-0.392225369,-0.763942482,-1.02693234,-1.264366395
"Micronesia, Federated States of",868,"Fiscal, General Government, Net lending/borrowing, 2001 Manual, Percent of FY GDP",GGXCNL_G01_GDP_PT,Value,0.754467203,2.752845042,12.50054836,2.828933963,4.182415509,3.75729548,3.227012115,2.750462429,2.313496054
Palau,565,"Fiscal, General Government, Net lending/borrowing, 2001 Manual, Percent of FY GDP",GGXCNL_G01_GDP_PT,Value,0.930248201,1.155285938,1.182928127,1.69184026,0.87622845,0.870605152,0.394174615,2.084635244,2.537373284
Papua New Guinea,853,"Fiscal, General Government, Net lending/borrowing, 2001 Manual, Percent of FY GDP",GGXCNL_G01_GDP_PT,Value,-3.197669462,-7.977415317,-6.102272716,-5.01737295,-3.721806191,-3.113443708,-2.834924678,-3.054722074,-3.155765762
Samoa,862,"Fiscal, General Government, Net lending/borrowing, 2001 Manual, Percent of FY GDP",GGXCNL_G01_GDP_PT,Value,-7.143269628,-3.790655439,-5.344927423,-3.291834124,-1.981041556,-1.106450863,-0.506450863,-0.506450863,-0.506450863
Solomon Islands,813,"Fiscal, General Government, Net lending/borrowing, 2001 Manual, Percent of FY GDP",GGXCNL_G01_GDP_PT,Value,3.798025829,4.400995728,1.897763139,-2.103107807,-1.568652277,-0.256262526,0.380299755,0.717254043,0.738441943
"Timor-Leste, Dem. Rep. of",537,"Fiscal, General Government, Net lending/borrowing, 2001 Manual, Percent of FY GDP",GGXCNL_G01_GDP_PT,Value,51.00788586,59.91986387,25.25592026,9.714752389,7.436263858,10.24322658,3.33969274,2.831056716,-5.361287941
Tonga,866,"Fiscal, General Government, Net lending/borrowing, 2001 Manual, Percent of FY GDP",GGXCNL_G01_GDP_PT,Value,-1.409688259,-0.03491774,0.274315591,-0.997906819,-1.115398865,-0.668843897,-0.402649672,-0.152197518,-0.040141072
Tuvalu,869,"Fiscal, General Government, Net lending/borrowing, 2001 Manual, Percent of FY GDP",GGXCNL_G01_GDP_PT,Value,9.348753782,26.3474633,23.7853819,-0.414107295,-2.241621457,-2.41368312,-3.101246858,-2.858317089,-3.472433183
Vanuatu,846,"Fiscal, General Government, Net lending/borrowing, 2001 Manual, Percent of FY GDP",GGXCNL_G01_GDP_PT,Value,-1.626182421,-0.192736435,0.899942997,-5.641909018,-6.149021006,-5.385289146,-4.700525351,-3.561876832,-2.776385943
Mongolia,948,"Fiscal, General Government, Net lending/borrowing, 2001 Manual, Percent of FY GDP",GGXCNL_G01_GDP_PT,Value,-9.090202612,-8.918185059,-10.97246668,-9.772596643,-7.823081741,-6.67540866,-5.117705974,-4.115110042,-4.169348659
Asia,229,"Fiscal, General Government, Gross debt position, 2001 Manual, Percent of FY GDP",GGXWDG_G01_GDP_PT,Value,92.25573508,84.94190458,82.47156934,79.49909466,79.98455043,79.91269718,78.92905796,77.98373773,76.82090039
Australia,193,"Fiscal, General Government, Gross debt position, 2001 Manual, Percent of FY GDP",GGXWDG_G01_GDP_PT,Value,27.86186532,30.71772445,34.25775349,38.08121534,40.15191383,41.38376671,41.57940806,41.21252418,40.67818681
Japan,158,"Fiscal, General Government, Gross debt position, 2001 Manual, Percent of FY GDP",GGXWDG_G01_GDP_PT,Value,236.7588958,242.5942368,246.4204759,246.1370651,246.9582338,248.5772486,249.5483192,250.7094962,251.5898274
New Zealand,196,"Fiscal, General Government, Gross debt position, 2001 Manual, Percent of FY GDP",GGXWDG_G01_GDP_PT,Value,36.87615224,35.51665023,33.98424334,33.07152256,33.65505507,32.64137559,29.48965061,26.80173906,24.36207583
"China, P.R.: Mainland",924,"Fiscal, General Government, Gross debt position, 2001 Manual, Percent of FY GDP",GGXWDG_G01_GDP_PT,Value,37.29538618,39.37620927,41.06144271,43.46379639,46.18374661,48.11701022,49.23621869,49.76003631,49.79401202
"China, P.R.: Hong Kong",532,"Fiscal, General Government, Gross debt position, 2001 Manual, Percent of FY GDP",GGXWDG_G01_GDP_PT,Value,7.07968359,6.985850581,6.942081483,6.365788118,6.192643558,6.010483132,5.8245683,5.646203078,5.482945401
"Korea, Republic of",542,"Fiscal, General Government, Gross debt position, 2001 Manual, Percent of FY GDP",GGXWDG_G01_GDP_PT,Value,32.3155735,33.90294734,35.71600488,36.89849985,38.10099328,38.65714246,38.78178031,38.45322203,37.80015676
Taiwan Province of China,528,"Fiscal, General Government, Gross debt position, 2001 Manual, Percent of FY GDP",GGXWDG_G01_GDP_PT,Value,39.28005449,39.14275227,37.64163846,37.05180261,35.84706779,34.21097542,32.32675901,30.26858678,28.10377972
South Asia,9502,"Fiscal, General Government, Gross debt position, 2001 Manual, Percent of FY GDP",GGXWDG_G01_GDP_PT,Value,65.17615732,63.51523548,62.85248164,62.37821707,61.47821144,60.56212076,59.46094694,58.365324,57.30147134
Bangladesh,513,"Fiscal, General Government, Gross debt position, 2001 Manual, Percent of FY GDP",GGXWDG_G01_GDP_PT,Value,33.82191515,34.65871027,33.86013848,33.01124602,32.01701343,30.8859537,29.41883845,28.10829357,26.75433212
India,534,"Fiscal, General Government, Gross debt position, 2001 Manual, Percent of FY GDP",GGXWDG_G01_GDP_PT,Value,67.45119633,65.53004506,64.95790482,64.39928667,63.34290248,62.42680482,61.37701997,60.25567744,59.19338885
Sri Lanka,524,"Fiscal, General Government, Gross debt position, 2001 Manual, Percent of FY GDP",GGXWDG_G01_GDP_PT,Value,79.17228009,78.31855906,75.87560241,76.96956939,78.05842209,78.21798859,78.00303556,77.86495171,77.7271123
Nepal,558,"Fiscal, General Government, Gross debt position, 2001 Manual, Percent of FY GDP",GGXWDG_G01_GDP_PT,Value,34.30479609,31.19454312,26.25695356,23.64789955,22.27795773,21.58730225,21.3248647,21.46974181,21.94458401
ASEAN,511,"Fiscal, General Government, Gross debt position, 2001 Manual, Percent of FY GDP",GGXWDG_G01_GDP_PT,Value,36.29680395,37.97886163,38.83087677,39.45905676,39.12615789,38.59518648,37.87488116,37.15451425,36.3369655
Brunei Darussalam,516,"Fiscal, General Government, Gross debt position, 2001 Manual, Percent of FY GDP",GGXWDG_G01_GDP_PT,Value,2.36014935,2.480441717,2.614561471,3.281829594,2.952517921,2.723078359,2.512667979,2.19114229,2.04371115
Cambodia,522,"Fiscal, General Government, Gross debt position, 2001 Manual, Percent of FY GDP",GGXWDG_G01_GDP_PT,Value,28.87751991,28.66202747,29.54302463,29.78817576,29.52373436,29.06044394,28.64116637,28.32359726,28.07220553
Indonesia,536,"Fiscal, General Government, Gross debt position, 2001 Manual, Percent of FY GDP",GGXWDG_G01_GDP_PT,Value,22.96039749,24.90252617,25.02720159,25.91770245,25.74719734,25.60166444,25.16459398,24.70566844,24.18414201
Lao People's Democratic Republic,544,"Fiscal, General Government, Gross debt position, 2001 Manual, Percent of FY GDP",GGXWDG_G01_GDP_PT,Value,62.19132549,60.12732006,62.50807105,63.03815557,65.36679233,67.01918326,67.39515234,69.32363569,70.82774891
Malaysia,548,"Fiscal, General Government, Gross debt position, 2001 Manual, Percent of FY GDP",GGXWDG_G01_GDP_PT,Value,56.24850587,57.70712325,56.94983463,56.65926746,54.84913855,53.820698,52.06753726,50.34810239,48.40617324
Myanmar,518,"Fiscal, General Government, Gross debt position, 2001 Manual, Percent of FY GDP",GGXWDG_G01_GDP_PT,Value,48.03592174,40.81269525,39.72158109,41.27117885,42.38682723,44.13048222,45.8112004,47.66023778,49.55060237
Philippines,566,"Fiscal, General Government, Gross debt position, 2001 Manual, Percent of FY GDP",GGXWDG_G01_GDP_PT,Value,40.58548347,39.09360428,37.22795748,35.45523102,33.79391747,31.95619741,30.27257074,28.73979952,27.36721079
Singapore,576,"Fiscal, General Government, Gross debt position, 2001 Manual, Percent of FY GDP",GGXWDG_G01_GDP_PT,Value,105.4980732,102.11738,98.75115138,97.76639824,95.17316799,92.26085675,89.54564455,90.78346699,92.03253323
Thailand,578,"Fiscal, General Government, Gross debt position, 2001 Manual, Percent of FY GDP",GGXWDG_G01_GDP_PT,Value,45.43988815,45.85332031,47.16750465,47.53296087,47.16307344,46.95702148,46.964927,47.33665939,47.63021234
Vietnam,582,"Fiscal, General Government, Gross debt position, 2001 Manual, Percent of FY GDP",GGXWDG_G01_GDP_PT,Value,48.52652927,52.14130247,58.73357004,62.21361411,64.39008141,65.00084532,64.78022336,64.05503124,63.1567166
Bhutan,514,"Fiscal, General Government, Gross debt position, 2001 Manual, Percent of FY GDP",GGXWDG_G01_GDP_PT,Value,72.21550697,89.2243617,107.5113983,115.891224,122.5064335,122.6059884,117.0777209,116.9864373,119.6470617
Fiji,819,"Fiscal, General Government, Gross debt position, 2001 Manual, Percent of FY GDP",GGXWDG_G01_GDP_PT,Value,53.25942122,51.41204219,49.52501438,49.14095875,48.46806086,47.85739481,47.22018313,46.55684598,45.93901856
Kiribati,826,"Fiscal, General Government, Gross debt position, 2001 Manual, Percent of FY GDP",GGXWDG_G01_GDP_PT,Value,7.413436285,8.092403101,7.993008824,8.872319635,11.59297545,12.3639845,13.05253758,13.62441451,14.05970328
Maldives,556,"Fiscal, General Government, Gross debt position, 2001 Manual, Percent of FY GDP",GGXWDG_G01_GDP_PT,Value,62.79724874,66.65170205,74.83864072,78.59349713,80.65805107,82.18705151,83.25426255,84.0589462,84.77250616
"Marshall Islands, Republic of",867,"Fiscal, General Government, Gross debt position, 2001 Manual, Percent of FY GDP",GGXWDG_G01_GDP_PT,Value,30.14775818,31.93243283,30.5457623,28.8286046,25.72390403,25.22110875,25.13911437,25.37030546,25.83416629
"Micronesia, Federated States of",868,"Fiscal, General Government, Gross debt position, 2001 Manual, Percent of FY GDP",GGXWDG_G01_GDP_PT,Value,26.80556134,27.58403484,26.53878548,25.43560099,24.15520273,22.43733945,20.87056381,19.13400695,17.4665803
Papua New Guinea,853,"Fiscal, General Government, Gross debt position, 2001 Manual, Percent of FY GDP",GGXWDG_G01_GDP_PT,Value,26.7086674,34.00984017,35.59869102,32.17294521,33.360237,33.70206359,34.1834449,35.14186683,33.73938342
Solomon Islands,813,"Fiscal, General Government, Gross debt position, 2001 Manual, Percent of FY GDP",GGXWDG_G01_GDP_PT,Value,17.62414563,15.6722453,13.39509568,13.62190593,14.22557041,15.51673184,16.74772749,18.0414551,19.29908048
Tuvalu,869,"Fiscal, General Government, Gross debt position, 2001 Manual, Percent of FY GDP",GGXWDG_G01_GDP_PT,Value,43.04925546,41.10372394,56.92003701,48.64358276,41.21077696,33.37285557,26.72910597,21.51388907,16.54729975
Vanuatu,846,"Fiscal, General Government, Gross debt position, 2001 Manual, Percent of FY GDP",GGXWDG_G01_GDP_PT,Value,21.16370918,20.41053784,18.47808497,24.50878342,28.97996345,32.34771734,34.98524742,36.63547054,37.43624454
Asia,229,"Balance of Payments, Current Account, Total, Net, In billions of US Dollars",BCA_BP6_USD,Value,2.61E+11,3.15E+11,3.91E+11,5.95E+11,5.78E+11,5.98E+11,6.07E+11,6.40E+11,6.43E+11
Australia,193,"Balance of Payments, Current Account, Total, Net, In billions of US Dollars",BCA_BP6_USD,Value,-66311357183,-49958222420,-39874778058,-50630628660,-47081906412,-42588732112,-44220146130,-46297543718,-50454579960
Japan,158,"Balance of Payments, Current Account, Total, Net, In billions of US Dollars",BCA_BP6_USD,Value,58682757157,33633805506,24279912032,81568447160,85205764578,95026214692,95763015492,1.05E+11,1.14E+11
New Zealand,196,"Balance of Payments, Current Account, Total, Net, In billions of US Dollars",BCA_BP6_USD,Value,-6920696580,-5906173289,-6972474906,-9297661099,-10328433208,-11616456543,-11277709078,-10869117833,-11022632541
"China, P.R.: Mainland",924,"Balance of Payments, Current Account, Total, Net, In billions of US Dollars",BCA_BP6_USD,Value,2.15E+11,1.83E+11,2.10E+11,3.56E+11,3.80E+11,4.04E+11,4.29E+11,4.67E+11,4.84E+11
"China, P.R.: Hong Kong",532,"Balance of Payments, Current Account, Total, Net, In billions of US Dollars",BCA_BP6_USD,Value,4145084178,4148916968,4543521014,6325472067,7302830147,8128988482,9963366342,12174444541,13747916498
"Korea, Republic of",542,"Balance of Payments, Current Account, Total, Net, In billions of US Dollars",BCA_BP6_USD,Value,50835000000,81148200000,89220100000,1.02E+11,77759727112,78756672070,79202032888,76730207549,73371091596
Taiwan Province of China,528,"Balance of Payments, Current Account, Total, Net, In billions of US Dollars",BCA_BP6_USD,Value,48947000000,55257000000,65335000000,65704839130,66119824561,68178343677,70685697124,73278373563,76550102208
South Asia,9502,"Balance of Payments, Current Account, Total, Net, In billions of US Dollars",BCA_BP6_USD,Value,-95542013343,-35612698017,-35280187364,-35555417645,-47167545006,-59956903152,-72143534424,-87516378003,-1.08E+11
Bangladesh,513,"Balance of Payments, Current Account, Total, Net, In billions of US Dollars",BCA_BP6_USD,Value,970500000,1867000000,-131500000,-1131500000,-938238424,-1549131011,-2247330379,-3040166866,-3866740397
India,534,"Balance of Payments, Current Account, Total, Net, In billions of US Dollars",BCA_BP6_USD,Value,-88162752891,-32397004638,-29472861414,-29408248907,-39833464422,-50146237004,-60455387457,-72722889009,-89647164031
Sri Lanka,524,"Balance of Payments, Current Account, Total, Net, In billions of US Dollars",BCA_BP6_USD,Value,-3981284650,-2606290538,-2789669883,-1638797863,-2282198542,-2557380511,-3131267292,-3407964283,-3682055225
Nepal,558,"Balance of Payments, Current Account, Total, Net, In billions of US Dollars",BCA_BP6_USD,Value,908943763.2,634644296.1,908454452.3,880117302.7,593362526.1,265136423.6,-46256449.63,-316174127.6,-591147596
ASEAN,511,"Balance of Payments, Current Account, Total, Net, In billions of US Dollars",BCA_BP6_USD,Value,7958696790,1953616784,25843564622,23704908646,14551209443,5968434817,-1401483079,-2997065530,-6607552467
Brunei Darussalam,516,"Balance of Payments, Current Account, Total, Net, In billions of US Dollars",BCA_BP6_USD,Value,5773015425,5558222454,3558076407,-1099418429,-693598054.2,-34620856.19,100917045.9,1820943392,2203726929
Cambodia,522,"Balance of Payments, Current Account, Total, Net, In billions of US Dollars",BCA_BP6_USD,Value,-1546709073,-1879815457,-1986781774,-1786351020,-1794160404,-1755836812,-1657916609,-1688920230,-1458505304
Indonesia,536,"Balance of Payments, Current Account, Total, Net, In billions of US Dollars",BCA_BP6_USD,Value,-24418124598,-29114918153,-26232531246,-27058222807,-28031728615,-29305521553,-30482733807,-31554804271,-33849094280
Lao People's Democratic Republic,544,"Balance of Payments, Current Account, Total, Net, In billions of US Dollars",BCA_BP6_USD,Value,-2837869911,-3122823752,-2906565466,-2570158251,-2244535494,-2595213942,-2897873082,-3038073758,-2892237416
Malaysia,548,"Balance of Payments, Current Account, Total, Net, In billions of US Dollars",BCA_BP6_USD,Value,17631391388,12665375515,15126685173,6907819508,5146722120,4700822933,4438566904,5899732539,7727009954
Myanmar,518,"Balance of Payments, Current Account, Total, Net, In billions of US Dollars",BCA_BP6_USD,Value,-2392986511,-2887679464,-4509354415,-4831987323,-4619828547,-4170877539,-4485210295,-5113551672,-6242854789
Philippines,566,"Balance of Payments, Current Account, Total, Net, In billions of US Dollars",BCA_BP6_USD,Value,6948000000,11384000000,12645000000,16954055349,16972802729,16932325142,16678652406,16132384172,15280608361
Singapore,576,"Balance of Payments, Current Account, Total, Net, In billions of US Dollars",BCA_BP6_USD,Value,49773533189,54083513146,58806026126,61172191160,58536900347,57059127467,56514991608,56157967005,56574880685
Thailand,578,"Balance of Payments, Current Account, Total, Net, In billions of US Dollars",BCA_BP6_USD,Value,-1469570000,-2451750000,14230590000,17084876021,9776030559,5688363169,3549072128,4075900060,3435835325
Vietnam,582,"Balance of Payments, Current Account, Total, Net, In billions of US Dollars",BCA_BP6_USD,Value,9267000000,9470909423,10073820694,9816380575,10687382650,7952445126,4414959289,2449721970,798088172.4
Bhutan,514,"Balance of Payments, Current Account, Total, Net, In billions of US Dollars",BCA_BP6_USD,Value,-349814823.8,-438903443.1,-459044152.9,-591208182.9,-617053200.6,-721224621.8,-445882775.6,-194122741.4,-245944020.6
Fiji,819,"Balance of Payments, Current Account, Total, Net, In billions of US Dollars",BCA_BP6_USD,Value,-69221979.29,-835215008.5,-369273645.9,-354589003.8,-378657915.6,-404418041.4,-427689075.5,-446734038.2,-445911973.5
Kiribati,826,"Balance of Payments, Current Account, Total, Net, In billions of US Dollars",BCA_BP6_USD,Value,-46066440.16,-39445571.88,7355921.586,-40866579.71,-44524361.05,-35047058.72,-29990706.29,-26657019.59,-23596423.41
Maldives,556,"Balance of Payments, Current Account, Total, Net, In billions of US Dollars",BCA_BP6_USD,Value,-269604740.8,-176143694.5,-239566366.1,-138590140.4,-191691732,-197168659.5,-200723024.5,-204390700.8,-207269730.8
"Marshall Islands, Republic of",867,"Balance of Payments, Current Account, Total, Net, In billions of US Dollars",BCA_BP6_USD,Value,-16038245.38,-25538647.61,-40284906.38,-2531889.134,-7541399.886,-12484882.36,-15276938.11,-19236032.71,-23042078.3
"Micronesia, Federated States of",868,"Balance of Payments, Current Account, Total, Net, In billions of US Dollars",BCA_BP6_USD,Value,-41151440.91,-31629229.03,7974135.079,-2145884.007,-2599877.681,-4924798.324,-6799944.292,-9340076.761,-11956966.69
Palau,565,"Balance of Payments, Current Account, Total, Net, In billions of US Dollars",BCA_BP6_USD,Value,-11729579.71,-16057568.81,-27750951.48,-14908081.65,-24348609.7,-24133706.19,-22787828.65,-16559127.82,-10766097.91
Papua New Guinea,853,"Balance of Payments, Current Account, Total, Net, In billions of US Dollars",BCA_BP6_USD,Value,-8243907270,-4749680638,-1946833489,2053491751,1471344541,1504451314,1326929105,823823806.2,1079799875
Samoa,862,"Balance of Payments, Current Account, Total, Net, In billions of US Dollars",BCA_BP6_USD,Value,-62927682.78,3439117.127,-30938711.88,-59068721.9,-49650919.04,-47674622.65,-46310134.95,-46835488.97,-45777337.44
Solomon Islands,813,"Balance of Payments, Current Account, Total, Net, In billions of US Dollars",BCA_BP6_USD,Value,15665016.79,-47212539.88,-98238602.97,-101286410.3,-165606813.2,-144455683,-148620293.8,-146959516.1,-142547372.9
"Timor-Leste, Dem. Rep. of",537,"Balance of Payments, Current Account, Total, Net, In billions of US Dollars",BCA_BP6_USD,Value,2668056019,2224131464,1167419319,442735799.7,412216840.8,445737159.8,281850610,160321534.8,-144206849.2
Tonga,866,"Balance of Payments, Current Account, Total, Net, In billions of US Dollars",BCA_BP6_USD,Value,-70668923.51,-55683987.67,-40247025.36,-32295395.27,-28964577.43,-24188447.17,-17768495.44,-8072114.871,-5478162.958
Tuvalu,869,"Balance of Payments, Current Account, Total, Net, In billions of US Dollars",BCA_BP6_USD,Value,10106222.76,10161861.24,10137998.57,-13758604.5,-8908846.365,-4992618.773,-1266079.395,-2287591.339,-1987003.53
Vanuatu,846,"Balance of Payments, Current Account, Total, Net, In billions of US Dollars",BCA_BP6_USD,Value,-50551882.34,-26369093.26,-10797467.07,-107029176.7,-106921628.3,-100590957,-88033756.72,-90758042.82,-83886089.2
Mongolia,948,"Balance of Payments, Current Account, Total, Net, In billions of US Dollars",BCA_BP6_USD,Value,-3362325445,-3192046255,-984992608,-1379455748,-2268437586,-2447154334,-2534233344,-2159575558,-1032341302
Asia,229,"Balance of Payments, Current Account, Total, Net, Percent of GDP",BCA_GDP_BP6_PT,Value,1.159677243,1.381787325,1.646445204,2.445508612,2.239672279,2.167882058,2.059097825,2.023662338,1.892062738
Australia,193,"Balance of Payments, Current Account, Total, Net, Percent of GDP",BCA_GDP_BP6_PT,Value,-4.261887958,-3.326371555,-2.761049888,-4.043098813,-3.673311675,-3.216822518,-3.225788421,-3.243006263,-3.384181181
Japan,158,"Balance of Payments, Current Account, Total, Net, Percent of GDP",BCA_GDP_BP6_PT,Value,0.985523555,0.6836745,0.52595644,1.937325588,1.959633967,2.116726097,2.085647682,2.217987304,2.315261638
New Zealand,196,"Balance of Payments, Current Account, Total, Net, Percent of GDP",BCA_GDP_BP6_PT,Value,-3.995058817,-3.196809408,-3.519362377,-4.849361226,-5.164545529,-5.563742493,-5.145051565,-4.742726388,-4.592409825
"China, P.R.: Mainland",924,"Balance of Payments, Current Account, Total, Net, Percent of GDP",BCA_GDP_BP6_PT,Value,2.568260719,1.930560584,2.021307707,3.178218701,3.176488256,3.141210067,3.094824127,3.117528626,2.9963015
"China, P.R.: Hong Kong",532,"Balance of Payments, Current Account, Total, Net, Percent of GDP",BCA_GDP_BP6_PT,Value,1.578304801,1.509472728,1.568745729,2.039985791,2.204455818,2.291247647,2.617043317,2.978791279,3.140883956
"Korea, Republic of",542,"Balance of Payments, Current Account, Total, Net, Percent of GDP",BCA_GDP_BP6_PT,Value,4.157237654,6.220789154,6.296633237,7.117892097,5.15090711,4.882410144,4.574365545,4.117843672,3.64726932
Taiwan Province of China,528,"Balance of Payments, Current Account, Total, Net, Percent of GDP",BCA_GDP_BP6_PT,Value,9.869967655,10.80758271,12.33784274,12.44945695,11.67551577,11.14266196,10.6689568,10.22417693,9.864801241
South Asia,9502,"Balance of Payments, Current Account, Total, Net, Percent of GDP",BCA_GDP_BP6_PT,Value,-4.180636193,-1.508337759,-1.365215101,-1.228836835,-1.503578192,-1.747047008,-1.92630769,-2.132745236,-2.391897367
Bangladesh,513,"Balance of Payments, Current Account, Total, Net, Percent of GDP",BCA_GDP_BP6_PT,Value,0.684823555,1.154154337,-0.070922081,-0.551072676,-0.418967536,-0.629932043,-0.83220924,-1.028322813,-1.200912791
India,534,"Balance of Payments, Current Account, Total, Net, Percent of GDP",BCA_GDP_BP6_PT,Value,-4.802360278,-1.727695575,-1.43805067,-1.274177522,-1.586611671,-1.819641639,-2.006553932,-2.195907032,-2.462966689
Sri Lanka,524,"Balance of Payments, Current Account, Total, Net, Percent of GDP",BCA_GDP_BP6_PT,Value,-6.70495497,-3.863972271,-3.740092656,-2.033466428,-2.609403552,-2.678611345,-3.004422605,-2.995452524,-2.96472374
Nepal,558,"Balance of Payments, Current Account, Total, Net, Percent of GDP",BCA_GDP_BP6_PT,Value,4.821596872,3.297996818,4.626317101,4.058123642,2.498431199,1.04316112,-0.169486587,-1.086457417,-1.905959589
ASEAN,511,"Balance of Payments, Current Account, Total, Net, Percent of GDP",BCA_GDP_BP6_PT,Value,0.398786312,0.09504133,1.254322612,1.116900016,0.635882212,0.240158868,-0.0520332,-0.10256811,-0.208442343
Brunei Darussalam,516,"Balance of Payments, Current Account, Total, Net, Percent of GDP",BCA_GDP_BP6_PT,Value,34.05412294,34.50296292,23.56052599,-9.784693946,-5.594957752,-0.258020817,0.694382079,10.96236972,12.37489815
Cambodia,522,"Balance of Payments, Current Account, Total, Net, Percent of GDP",BCA_GDP_BP6_PT,Value,-11.00319261,-12.2369475,-12.00413384,-10.02804368,-9.252203194,-8.326154567,-7.19847878,-6.721866152,-5.319691054
Indonesia,536,"Balance of Payments, Current Account, Total, Net, Percent of GDP",BCA_GDP_BP6_PT,Value,-2.657026094,-3.190669938,-2.951960925,-3.020980621,-2.94468712,-2.827200071,-2.729062502,-2.61337747,-2.590580845
Lao People's Democratic Republic,544,"Balance of Payments, Current Account, Total, Net, Percent of GDP",BCA_GDP_BP6_PT,Value,-30.18924491,-28.9467672,-24.89245528,-20.13553564,-16.27436598,-17.29933277,-17.39579993,-16.85589706,-14.85199771
Malaysia,548,"Balance of Payments, Current Account, Total, Net, Percent of GDP",BCA_GDP_BP6_PT,Value,5.781608047,4.044401069,4.62684499,2.106746161,1.411874036,1.176703936,1.005909782,1.2109026,1.435679978
Myanmar,518,"Balance of Payments, Current Account, Total, Net, Percent of GDP",BCA_GDP_BP6_PT,Value,-4.291656874,-5.08765221,-7.180289346,-6.988395321,-5.93090247,-4.695240374,-4.451855239,-4.497544843,-4.882645987
Philippines,566,"Balance of Payments, Current Account, Total, Net, Percent of GDP",BCA_GDP_BP6_PT,Value,2.776535052,4.184262574,4.43798126,5.503981293,4.995318005,4.500530245,4.001804951,3.497255657,2.996283666
Singapore,576,"Balance of Payments, Current Account, Total, Net, Percent of GDP",BCA_GDP_BP6_PT,Value,17.16677361,17.89387793,19.08969002,20.66231548,18.84898226,17.36373872,16.23082372,15.26775666,14.51318827
Thailand,578,"Balance of Payments, Current Account, Total, Net, Percent of GDP",BCA_GDP_BP6_PT,Value,-0.401559363,-0.633113916,3.806964309,4.422797163,2.371125791,1.310953096,0.774254565,0.846218246,0.681798103
Vietnam,582,"Balance of Payments, Current Account, Total, Net, Percent of GDP",BCA_GDP_BP6_PT,Value,5.956983224,5.552674115,5.414618136,4.800348183,4.862168039,3.327165086,1.697669849,0.861287686,0.256447306
Bhutan,514,"Balance of Payments, Current Account, Total, Net, Percent of GDP",BCA_GDP_BP6_PT,Value,-17.61470931,-22.10827299,-21.94638318,-26.31985187,-24.62448171,-25.81317246,-13.97443868,-5.510594732,-6.373948274
Fiji,819,"Balance of Payments, Current Account, Total, Net, Percent of GDP",BCA_GDP_BP6_PT,Value,-1.79804967,-20.70475825,-8.766993625,-8.034929679,-8.211379565,-8.39873684,-8.503135737,-8.500109409,-8.117265783
Kiribati,826,"Balance of Payments, Current Account, Total, Net, Percent of GDP",BCA_GDP_BP6_PT,Value,-24.51112006,-21.78277414,4.071258922,-24.29547341,-26.47344917,-20.54710741,-17.24257465,-14.96901551,-12.83231582
Maldives,556,"Balance of Payments, Current Account, Total, Net, Percent of GDP",BCA_GDP_BP6_PT,Value,-10.64079762,-6.525538063,-8.395444049,-4.571065814,-5.91126105,-5.606786474,-5.250273513,-4.909103464,-4.582402836
"Marshall Islands, Republic of",867,"Balance of Payments, Current Account, Total, Net, Percent of GDP",BCA_GDP_BP6_PT,Value,-8.699476423,-13.35177499,-20.92347452,-1.298457378,-3.75711871,-6.003544165,-7.09975049,-8.656713731,-10.04234462
"Micronesia, Federated States of",868,"Balance of Payments, Current Account, Total, Net, Percent of GDP",BCA_GDP_BP6_PT,Value,-12.62639651,-10.05454122,2.532819701,-0.679793165,-0.815693512,-1.50379556,-2.03036689,-2.712462796,-3.377604441
Palau,565,"Balance of Payments, Current Account, Total, Net, Percent of GDP",BCA_GDP_BP6_PT,Value,-5.048326717,-6.531873837,-10.30363499,-5.367153653,-8.384520147,-7.948844999,-7.199989861,-5.018978446,-3.136431837
Papua New Guinea,853,"Balance of Payments, Current Account, Total, Net, Percent of GDP",BCA_GDP_BP6_PT,Value,-53.56183249,-30.81559419,-12.12204068,10.2456964,7.116555978,6.993896178,5.892541231,3.458243016,4.273921786
Samoa,862,"Balance of Payments, Current Account, Total, Net, Percent of GDP",BCA_GDP_BP6_PT,Value,-7.81120117,0.433065935,-3.743411259,-6.807155425,-5.52170562,-5.240411811,-4.934896697,-4.814135618,-4.516524321
Solomon Islands,813,"Balance of Payments, Current Account, Total, Net, Percent of GDP",BCA_GDP_BP6_PT,Value,1.528046663,-4.455134954,-8.50398254,-8.400423464,-12.64767381,-10.25830648,-9.801106153,-8.96590313,-7.985398287
"Timor-Leste, Dem. Rep. of",537,"Balance of Payments, Current Account, Total, Net, Percent of GDP",BCA_GDP_BP6_PT,Value,47.82319446,44.77545174,26.06982591,11.19150151,10.86210384,11.86102075,7.168123346,3.987106064,-3.75582316
Tonga,866,"Balance of Payments, Current Account, Total, Net, Percent of GDP",BCA_GDP_BP6_PT,Value,-15.59165907,-12.5767665,-8.874192039,-6.781550295,-5.814930926,-4.661446968,-3.271260739,-1.421668955,-0.943674643
Tuvalu,869,"Balance of Payments, Current Account, Total, Net, Percent of GDP",BCA_GDP_BP6_PT,Value,25.33138363,26.43492771,26.95645148,-38.96921444,-24.49218818,-13.3676907,-3.292943881,-5.790931268,-4.929896305
Vanuatu,846,"Balance of Payments, Current Account, Total, Net, Percent of GDP",BCA_GDP_BP6_PT,Value,-6.466892218,-3.288788043,-1.330215153,-14.35690029,-13.3808109,-11.71215948,-9.596375329,-9.352754819,-8.178419594
Mongolia,948,"Balance of Payments, Current Account, Total, Net, Percent of GDP",BCA_GDP_BP6_PT,Value,-27.35205549,-25.44432684,-8.221085146,-11.07529142,-17.3214622,-17.62602265,-16.82740504,-13.20144819,-5.717007798
Asia,229,"External Trade, Exports of Goods and Services, Percent Change",TX_R_PC_PP_PT,Value,3.67140101,5.494063055,5.185632248,6.138843875,5.921537242,5.892301873,5.877454884,5.92248937,5.922994451
Australia,193,"External Trade, Exports of Goods and Services, Percent Change",TX_R_PC_PP_PT,Value,5.810213908,6.116832144,6.763988543,4.715919511,5.632714247,4.559845282,3.718671473,2.250984349,2.330936059
Japan,158,"External Trade, Exports of Goods and Services, Percent Change",TX_R_PC_PP_PT,Value,-0.18086288,1.529199748,8.213647922,6.862236042,6.386088001,5.431935587,3.293961815,3.208082398,3.264314593
New Zealand,196,"External Trade, Exports of Goods and Services, Percent Change",TX_R_PC_PP_PT,Value,1.836165443,1.038480928,0.622458944,1.860638924,1.691341072,1.451133238,1.991958218,2.014376113,2.083542961
"China, P.R.: Mainland",924,"External Trade, Exports of Goods and Services, Percent Change",TX_R_PC_PP_PT,Value,7.018815471,8.674450041,6.436975687,6.2,6.5,6.5,6.5,6.5,6.5
"China, P.R.: Hong Kong",532,"External Trade, Exports of Goods and Services, Percent Change",TX_R_PC_PP_PT,Value,1.944383924,6.166396399,0.868360557,2.819516902,4.736272772,5.119865013,5.504702824,5.893027412,6.309125645
"Korea, Republic of",542,"External Trade, Exports of Goods and Services, Percent Change",TX_R_PC_PP_PT,Value,5.085831771,4.265408231,2.801001384,3.20514372,3.983610559,4.378530716,4.43735333,4.453010403,4.460066321
Taiwan Province of China,528,"External Trade, Exports of Goods and Services, Percent Change",TX_R_PC_PP_PT,Value,0.539665809,3.612294722,5.477965491,5.546883869,5.442,5.698,5.968,6.14,6.14
South Asia,9502,"External Trade, Exports of Goods and Services, Percent Change",TX_R_PC_PP_PT,Value,1.189339081,5.315838742,6.546578104,7.478639087,8.007500565,7.908145605,8.247306304,8.337132386,8.01419127
Bangladesh,513,"External Trade, Exports of Goods and Services, Percent Change",TX_R_PC_PP_PT,Value,8.36898884,12.4071627,8.99066238,13.10890499,10.87886066,9.573977308,9.640673385,9.739155152,9.723480885
India,534,"External Trade, Exports of Goods and Services, Percent Change",TX_R_PC_PP_PT,Value,1.133852729,4.479263795,6.555682539,6.781078652,8.11660852,8.034661626,8.214573949,8.119224491,7.920059039
Sri Lanka,524,"External Trade, Exports of Goods and Services, Percent Change",TX_R_PC_PP_PT,Value,-8.302786713,16.14624611,12.43548806,15.54379318,8.900526751,10.41509728,11.20139514,11.59305319,11.01936413
ASEAN,511,"External Trade, Exports of Goods and Services, Percent Change",TX_R_PC_PP_PT,Value,3.137271198,3.856528469,4.349659735,10.0998174,5.835324182,5.66646055,5.984856943,5.838791296,5.625700229
Brunei Darussalam,516,"External Trade, Exports of Goods and Services, Percent Change",TX_R_PC_PP_PT,Value,-3.552079758,-8.20915154,-5.66321771,-0.47042921,7.893213662,6.481790914,19.29622787,25.60758118,8.121254334
Cambodia,522,"External Trade, Exports of Goods and Services, Percent Change",TX_R_PC_PP_PT,Value,25.98066293,16.35037721,20.63554734,4.119060312,14.69044421,11.45748568,11.84260529,11.30933637,12.05756099
Indonesia,536,"External Trade, Exports of Goods and Services, Percent Change",TX_R_PC_PP_PT,Value,2.854119313,2.686899819,2.038944204,4.690518957,4.292164517,6.978985794,7.944410021,8.592977719,7.294617926
Lao People's Democratic Republic,544,"External Trade, Exports of Goods and Services, Percent Change",TX_R_PC_PP_PT,Value,6.711354128,19.36170506,7.034470453,6.651884847,10.4584107,4.716181327,8.011141527,6.504972884,0.565518351
Malaysia,548,"External Trade, Exports of Goods and Services, Percent Change",TX_R_PC_PP_PT,Value,-6.425517826,0.353221508,5.286263704,15.09356857,5.802681262,5.340747546,5.420690542,5.671755841,5.769341927
Myanmar,518,"External Trade, Exports of Goods and Services, Percent Change",TX_R_PC_PP_PT,Value,5.024433845,12.3476568,13.06761661,22.6677937,19.74932882,16.41753302,11.86145758,15.44049962,9.631817728
Philippines,566,"External Trade, Exports of Goods and Services, Percent Change",TX_R_PC_PP_PT,Value,17.45631447,2.836895257,7.479251626,10.34992189,6.07756572,5.675316499,5.786342728,5.866327466,5.913590274
Singapore,576,"External Trade, Exports of Goods and Services, Percent Change",TX_R_PC_PP_PT,Value,1.678142192,4.50563128,2.093593162,5.233544287,4.591863766,5.414207046,6.722981706,7.266093228,7.574443983
Thailand,578,"External Trade, Exports of Goods and Services, Percent Change",TX_R_PC_PP_PT,Value,3.07592413,4.214919387,0.026951373,7.916471061,4.746390371,4.988387784,5.176570368,4.873371727,4.863355585
Vietnam,582,"External Trade, Exports of Goods and Services, Percent Change",TX_R_PC_PP_PT,Value,20.08812362,12.93431982,13.12212165,12.41181816,9.300437532,5.843256121,6.111370848,4.641519158,4.657456398
Bhutan,514,"External Trade, Exports of Goods and Services, Percent Change",TX_R_PC_PP_PT,Value,-15.10824423,-6.526252108,-2.155549158,1.377792849,1.380640505,1.947070314,28.95363729,28.37654204,1.789058712
Kiribati,826,"External Trade, Exports of Goods and Services, Percent Change",TX_R_PC_PP_PT,Value,-15.39102904,2.422778206,2.131972535,4.470636781,4.408368223,4.3309844,4.3968517,4.337979834,4.303700897
Maldives,556,"External Trade, Exports of Goods and Services, Percent Change",TX_R_PC_PP_PT,Value,-7.259573959,15.08950682,10.10348385,4.292987332,3.20663329,4.536924817,4.856277171,4.644481971,5.249654424
"Marshall Islands, Republic of",867,"External Trade, Exports of Goods and Services, Percent Change",TX_R_PC_PP_PT,Value,12.43097439,-2.451124739,3.008136897,4.339632909,4.703627685,4.971219527,4.638437345,4.83238628,4.7334527
Palau,565,"External Trade, Exports of Goods and Services, Percent Change",TX_R_PC_PP_PT,Value,12.84551829,-6.663391808,9.211397801,-1.946874984,-0.554046604,2.28474158,2.079933562,2.115680667,2.171397168
Papua New Guinea,853,"External Trade, Exports of Goods and Services, Percent Change",TX_R_PC_PP_PT,Value,-6.098828394,-0.156262793,0.66050077,59.08979203,-1.742488245,-0.731769334,-0.112637045,0.689540415,0.588085619
Solomon Islands,813,"External Trade, Exports of Goods and Services, Percent Change",TX_R_PC_PP_PT,Value,29.57332433,-2.900665809,-0.60901279,2.951572748,1.353711782,11.73341636,8.711903316,4.69028422,-5.738240843
Tonga,866,"External Trade, Exports of Goods and Services, Percent Change",TX_R_PC_PP_PT,Value,3.206267237,14.37348666,7.123281044,19.87276044,9.834740428,6.988099301,6.375376587,8.491501136,6.928511707
Mongolia,948,"External Trade, Exports of Goods and Services, Percent Change",TX_R_PC_PP_PT,Value,16.6531461,5.291785099,35.70952148,-24.22086884,-10.6364147,-12.7535407,0.299181087,8.149317521,12.66080473
Asia,229,"External Trade, Imports of Goods and Services, Percent Change",TM_R_PC_PP_PT,Value,5.108490335,4.818021558,4.907895453,5.936411169,5.252248484,5.656833317,5.872971381,5.96306232,6.214365217
Australia,193,"External Trade, Imports of Goods and Services, Percent Change",TM_R_PC_PP_PT,Value,6.257743715,-1.813683038,-1.712048284,-4.797689146,1.663351544,1.980640355,2.190108651,2.483281446,3.086329547
Japan,158,"External Trade, Imports of Goods and Services, Percent Change",TM_R_PC_PP_PT,Value,5.272193633,3.092912288,7.199771506,4.168504021,4.509797979,3.635934941,2.992461775,2.923881127,3.036724893
New Zealand,196,"External Trade, Imports of Goods and Services, Percent Change",TM_R_PC_PP_PT,Value,2.770129328,6.119996752,7.016646497,3.90047124,3.384954274,2.541903014,2.447230196,2.456039937,2.923371542
"China, P.R.: Mainland",924,"External Trade, Imports of Goods and Services, Percent Change",TM_R_PC_PP_PT,Value,8.152613771,10.77169018,7.06009773,5.811194799,6.169506963,6.548916701,6.645994078,6.643740778,7.018925905
"China, P.R.: Hong Kong",532,"External Trade, Imports of Goods and Services, Percent Change",TM_R_PC_PP_PT,Value,2.900522269,6.639759639,1.057873202,3.200858402,5.090241924,5.406176204,5.768259109,6.115454791,6.508577349
"Korea, Republic of",542,"External Trade, Imports of Goods and Services, Percent Change",TM_R_PC_PP_PT,Value,2.403520002,1.593978359,1.997447438,2.513427256,3.875271001,5.270763021,5.3198425,5.338636331,5.352817492
Taiwan Province of China,528,"External Trade, Imports of Goods and Services, Percent Change",TM_R_PC_PP_PT,Value,-2.12287323,4.073053122,5.227238505,3.934447651,4.5,4.7,4.98,5.2,5.2
South Asia,9502,"External Trade, Imports of Goods and Services, Percent Change",TM_R_PC_PP_PT,Value,1.247219396,-2.359031652,9.74240792,12.60914209,6.824548297,7.655510098,8.027899806,8.130218587,8.127992716
Bangladesh,513,"External Trade, Imports of Goods and Services, Percent Change",TM_R_PC_PP_PT,Value,6.567902903,7.536795829,15.27189419,25.59882121,7.346316334,8.642554266,9.780422038,10.18586934,10.09290739
India,534,"External Trade, Imports of Goods and Services, Percent Change",TM_R_PC_PP_PT,Value,1.623232481,-3.702427715,9.578862761,11.09720159,6.856649545,8.075968957,8.075985849,8.076002733,8.076019609
Sri Lanka,524,"External Trade, Imports of Goods and Services, Percent Change",TM_R_PC_PP_PT,Value,-18.90398596,0.712801742,12.39590973,21.14418229,6.821934685,7.69853038,9.423137568,9.2385147,8.948749345
ASEAN,511,"External Trade, Imports of Goods and Services, Percent Change",TM_R_PC_PP_PT,Value,7.1524653,3.554506846,2.080096898,11.34087313,4.979941724,5.401189875,5.817162297,5.724598179,5.904706409
Brunei Darussalam,516,"External Trade, Imports of Goods and Services, Percent Change",TM_R_PC_PP_PT,Value,12.7169799,-1.516840109,-15.59340532,-0.47042921,2.755441583,3.380379529,6.514489173,11.15715148,4.972091586
Cambodia,522,"External Trade, Imports of Goods and Services, Percent Change",TM_R_PC_PP_PT,Value,7.696720679,12.52870582,8.291323686,8.779434538,11.776811,11.89966601,9.775680367,-1.578624098,9.342020746
Indonesia,536,"External Trade, Imports of Goods and Services, Percent Change",TM_R_PC_PP_PT,Value,15.51827325,0.264855467,-0.968827788,6.350228554,2.757256434,4.894199581,5.686185553,7.049670667,8.014616518
Lao People's Democratic Republic,544,"External Trade, Imports of Goods and Services, Percent Change",TM_R_PC_PP_PT,Value,31.03016379,5.38715545,2.492987732,-0.952017262,1.652283034,8.016509999,7.313017026,3.745454645,2.839929049
Malaysia,548,"External Trade, Imports of Goods and Services, Percent Change",TM_R_PC_PP_PT,Value,-0.954234769,2.037199781,4.192002338,15.14305331,4.947460586,4.865482784,4.871505809,5.216661248,5.252028714
Myanmar,518,"External Trade, Imports of Goods and Services, Percent Change",TM_R_PC_PP_PT,Value,17.1895697,13.35878139,20.95784163,16.79203816,15.22443937,11.45165531,13.58069285,15.63753042,13.07948894
Philippines,566,"External Trade, Imports of Goods and Services, Percent Change",TM_R_PC_PP_PT,Value,12.00103336,0.109636466,8.884469554,12.86465024,4.971970511,5.633270067,6.398505546,6.819429078,7.099500591
Singapore,576,"External Trade, Imports of Goods and Services, Percent Change",TM_R_PC_PP_PT,Value,3.807570608,4.632931889,2.920775014,7.603572884,5.018578235,5.92686462,7.361915495,7.891343949,8.17578439
Thailand,578,"External Trade, Imports of Goods and Services, Percent Change",TM_R_PC_PP_PT,Value,6.221563486,2.345425861,-4.785681426,10.18846326,5.153049601,5.076042062,5.295385588,5.151360517,5.113815119
Vietnam,582,"External Trade, Imports of Goods and Services, Percent Change",TM_R_PC_PP_PT,Value,7.821252213,17.63408166,13.25852818,13.37398192,7.396373468,7.151030544,7.822156386,5.275283216,5.024990307
Bhutan,514,"External Trade, Imports of Goods and Services, Percent Change",TM_R_PC_PP_PT,Value,-15.13815357,-9.192321704,0.111233876,1.77757106,7.261378595,3.035975965,-1.509186686,4.311053238,4.162191573
Kiribati,826,"External Trade, Imports of Goods and Services, Percent Change",TM_R_PC_PP_PT,Value,16.01602054,-1.717567242,6.027012957,-3.39233804,-0.265304532,-2.327017707,-2.645440211,-1.606988782,-1.767767486
Maldives,556,"External Trade, Imports of Goods and Services, Percent Change",TM_R_PC_PP_PT,Value,-13.01355425,7.580139463,11.85678836,-1.541846886,5.424018632,4.528223707,4.564088067,4.387795043,4.90649987
Palau,565,"External Trade, Imports of Goods and Services, Percent Change",TM_R_PC_PP_PT,Value,7.894938467,3.399147348,20.34935016,5.437649915,1.800182139,0.310376446,0.288066095,-1.864380793,-0.831813279
Papua New Guinea,853,"External Trade, Imports of Goods and Services, Percent Change",TM_R_PC_PP_PT,Value,26.09921747,-21.84462454,-16.03862904,6.276562502,2.549147848,-1.931393577,0.980392157,5.58635048,-3.459747479
Solomon Islands,813,"External Trade, Imports of Goods and Services, Percent Change",TM_R_PC_PP_PT,Value,4.397615409,12.47749484,-1.530831667,9.789498738,7.781614566,2.292383085,4.075188417,4.654950828,3.693280605
Tonga,866,"External Trade, Imports of Goods and Services, Percent Change",TM_R_PC_PP_PT,Value,2.015108657,2.039017984,6.960389769,9.495853073,2.949348984,2.310311765,2.02643779,2.964487653,4.250674826
Mongolia,948,"External Trade, Imports of Goods and Services, Percent Change",TM_R_PC_PP_PT,Value,24.60485303,0.972712672,-6.815781207,-17.33889771,3.11432017,-8.538717374,-0.593223777,0.076637748,-4.308296358
Samoa,862,"Fiscal, General Government, Gross debt position, 2001 Manual, Percent of FY GDP",GGXWDG_G01_GDP_PT,Value,51.96822212,53.64859845,54.97763562,55.08629577,55.14257373,55.64128466,54.184776,52.13387126,50
Bangladesh,513,"National Accounts, Total Domestic Demand, Real, Constant Prices, Percent Change",NTDD_R_PC_PP_PT,Value,5.534798904,4.723466428,6.184094608,8.153863991,9.481552095,9.888074372,9.09957782,8.200192747,7.412292995
